{"cameraMode":{"drawMode":0,"name":"Shaded","section":"Shading Mode"},"sceneLighting":true,"audioPlay":false,"sceneViewState":{"showFog":true,"showMaterialUpdate":false,"showSkybox":false,"showFlares":true,"showImageEffects":true,"showParticleSystems":true},"in2DMode":false,"pivot":{"x":310.6559143066406,"y":-323.8901672363281,"z":-648.8070068359375},"rotation":{"x":0.09763210266828537,"y":0.02239132672548294,"z":-0.0022153076715767385,"w":0.9949941039085388},"size":10.0,"orthographic":false}